id,customer_name,customer_email,created_timestamp,closed_timestamp,status,employee_name,description
1,Antonio Hughes,snelson0@dedecms.com,2015-07-10,2016-04-16,Closed,Shirley Nelson,at nulla suspendisse potenti cras in purus
2,Sharon Harrison,eroberts1@printfriendly.com,2015-06-16,Pending,Open,Emily Roberts,a libero nam
3,Jennifer Chapman,mhoward2@sogou.com,2014-11-26,2016-03-24,Closed,Martha Howard,est quam pharetra magna
4,Betty Parker,hflores3@cdc.gov,2015-08-31,Pending,Open,Harry Flores,suspendisse accumsan tortor
5,Carl Henry,pgreene4@paypal.com,2015-04-24,Pending,Open,Paula Greene,curabitur at ipsum ac tellus semper interdum
6,John Harrison,rsanders5@digg.com,2015-09-22,2016-01-17,Closed,Randy Sanders,turpis adipiscing lorem vitae mattis nibh
7,Dennis Carr,jcarroll6@who.int,2014-11-09,Pending,Open,Joseph Carroll,cras mi pede
8,Steve Miller,cwalker7@jimdo.com,2015-04-21,Pending,Open,Chris Walker,posuere cubilia curae
9,Antonio Howard,tmills8@baidu.com,2015-12-20,Pending,Open,Todd Mills,vel pede morbi porttitor
10,Angela Morgan,jford9@google.fr,2015-05-08,Pending,Open,James Ford,ligula sit amet eleifend pede
11,Mary Rice,kcoopera@google.co.jp,2015-05-15,Pending,Open,Kimberly Cooper,nulla eget eros elementum pellentesque quisque
12,Jeffrey Cox,wrogersb@yellowpages.com,2015-10-26,2016-07-28,Closed,Wanda Rogers,at feugiat non
13,Arthur Moore,lbowmanc@vimeo.com,2015-04-04,Pending,Open,Lillian Bowman,potenti nullam porttitor lacus at
14,John Matthews,jlewisd@netscape.com,2014-09-28,Pending,Open,Jeffrey Lewis,interdum mauris ullamcorper purus
15,Jeffrey Ford,ghalle@diigo.com,2015-01-27,Pending,Open,Gloria Hall,faucibus cursus urna ut tellus nulla
16,Fred Smith,cricef@hibu.com,2015-08-09,Pending,Open,Carolyn Rice,nulla tellus in
17,Michelle Mitchell,rlongg@nbcnews.com,2015-04-09,Pending,Open,Ruth Long,orci mauris lacinia sapien
18,Donald Garrett,ppayneh@independent.co.uk,2015-02-26,Pending,Open,Philip Payne,eu est congue elementum in hac
19,Julie Burke,ataylori@de.vu,2015-10-13,Pending,Open,Aaron Taylor,neque sapien placerat ante
20,Linda Morris,cfordj@globo.com,2015-02-08,2016-04-14,Closed,Charles Ford,felis eu sapien cursus vestibulum
21,Ralph Russell,dturnerk@odnoklassniki.ru,2015-10-27,2016-05-20,Closed,Daniel Turner,scelerisque quam turpis adipiscing lorem vitae mattis
22,Adam Butler,sfieldsl@nationalgeographic.com,2015-10-09,2016-04-08,Closed,Sandra Fields,fusce posuere felis sed lacus morbi
23,Lori Riley,welliottm@vistaprint.com,2014-11-07,Pending,Open,Wanda Elliott,pellentesque eget nunc donec quis orci
24,Jacqueline Carr,dgutierrezn@moonfruit.com,2015-08-21,Pending,Open,Douglas Gutierrez,vestibulum quam sapien
25,Paula Holmes,jmarshallo@cbc.ca,2014-11-11,2016-04-08,Closed,Jason Marshall,at lorem integer tincidunt ante vel ipsum
26,Carolyn Elliott,ealvarezp@yellowpages.com,2015-06-14,Pending,Open,Emily Alvarez,arcu libero rutrum ac lobortis
27,Cheryl Jordan,jfreemanq@huffingtonpost.com,2015-05-21,Pending,Open,John Freeman,odio justo sollicitudin ut
28,Mildred Myers,snicholsr@wp.com,2015-07-03,Pending,Open,Sharon Nichols,erat vestibulum sed magna at
29,Jennifer Kelly,rjenkinss@delicious.com,2014-12-05,2016-05-23,Closed,Ruth Jenkins,nunc proin at
30,Ernest Morales,jreedt@weibo.com,2015-08-18,2016-02-27,Closed,Jeremy Reed,magna vestibulum aliquet ultrices erat tortor sollicitudin
31,Benjamin Stone,rwallaceu@cnbc.com,2015-05-12,Pending,Open,Roy Wallace,molestie sed justo pellentesque viverra pede
32,Theresa Carter,kmatthewsv@desdev.cn,2015-01-02,2016-04-09,Closed,Katherine Matthews,tincidunt eu felis fusce
33,Johnny Meyer,kmarshallw@purevolume.com,2015-01-25,Pending,Open,Kathleen Marshall,elementum eu interdum eu tincidunt in
34,Jeremy Stephens,tjonesx@deviantart.com,2015-04-11,Pending,Open,Thomas Jones,phasellus in felis donec semper sapien
35,Robert Sanders,lcoley@cargocollective.com,2014-12-03,Pending,Open,Lori Cole,mauris eget massa tempor convallis nulla neque
36,Jerry Baker,rfergusonz@google.it,2014-09-26,2016-04-09,Closed,Ralph Ferguson,posuere metus vitae ipsum
37,Ralph Flores,pmartin10@hao123.com,2015-08-02,Pending,Open,Paul Martin,diam neque vestibulum eget vulputate ut ultrices
38,Lisa Duncan,aanderson11@myspace.com,2014-10-19,Pending,Open,Annie Anderson,orci nullam molestie nibh in
39,Kimberly Ortiz,jfrazier12@yellowpages.com,2015-05-17,2016-05-03,Closed,Jack Frazier,curabitur convallis duis consequat
40,Elizabeth Fernandez,bmorrison13@cafepress.com,2015-07-07,2016-01-14,Closed,Benjamin Morrison,est quam pharetra magna ac consequat
41,Heather Roberts,nsimpson14@wp.com,2015-01-02,Pending,Open,Nancy Simpson,eros elementum pellentesque quisque porta
42,Cynthia Williamson,thunter15@telegraph.co.uk,2015-09-16,2016-03-22,Closed,Thomas Hunter,lorem id ligula suspendisse
43,Jeffrey Dean,jcampbell16@adobe.com,2014-10-10,Pending,Open,Julie Campbell,in quam fringilla rhoncus mauris
44,Juan West,dburns17@dyndns.org,2015-07-26,Pending,Open,Dorothy Burns,rutrum neque aenean auctor gravida
45,Dorothy Reid,erice18@imgur.com,2015-07-11,2016-01-09,Closed,Edward Rice,tempus vel pede morbi porttitor lorem
46,Jeremy Butler,bmyers19@wikispaces.com,2015-12-26,2016-06-27,Closed,Beverly Myers,sed tincidunt eu felis
47,Carl Romero,twells1a@businessinsider.com,2015-05-25,Pending,Open,Tina Wells,varius nulla facilisi cras
48,Tammy Harvey,kperez1b@apple.com,2015-04-03,Pending,Open,Karen Perez,aliquam convallis nunc proin
49,Joshua Lee,khansen1c@mozilla.org,2015-06-30,2016-07-09,Closed,Kathryn Hansen,in quis justo maecenas rhoncus
50,Rebecca Gonzalez,jfranklin1d@cdbaby.com,2014-09-04,Pending,Open,Joe Franklin,libero quis orci nullam
51,Stephen Gray,nmorgan1e@samsung.com,2015-08-28,2016-06-07,Closed,Nicole Morgan,turpis eget elit
52,Jack Cunningham,mhart1f@cbsnews.com,2015-08-08,2016-02-29,Closed,Martha Hart,nibh in quis justo maecenas rhoncus
53,Diane Little,jrogers1g@berkeley.edu,2015-08-13,2016-04-18,Closed,Juan Rogers,duis consequat dui
54,Barbara Garrett,jromero1h@dedecms.com,2015-08-11,Pending,Open,Justin Romero,nullam molestie nibh in lectus pellentesque at
55,Lawrence Peterson,bdaniels1i@amazon.com,2015-12-15,Pending,Open,Brandon Daniels,platea dictumst etiam faucibus cursus urna ut
56,Steven Dixon,jfisher1j@indiegogo.com,2015-06-14,2016-06-12,Closed,Jesse Fisher,at turpis a
57,Timothy Wheeler,dmiller1k@dropbox.com,2015-08-26,Pending,Open,Donna Miller,amet lobortis sapien sapien non mi integer
58,Stephanie Williamson,smorgan1l@istockphoto.com,2015-03-06,Pending,Open,Sarah Morgan,vel lectus in quam fringilla rhoncus
59,Anthony Schmidt,clee1m@angelfire.com,2015-07-31,2016-02-20,Closed,Chris Lee,vitae mattis nibh ligula nec sem
60,Bonnie James,kgardner1n@marketwatch.com,2014-11-04,2016-05-30,Closed,Kimberly Gardner,ultrices posuere cubilia curae mauris
61,Kathleen Collins,blee1o@independent.co.uk,2015-04-18,Pending,Open,Benjamin Lee,sed magna at nunc
62,Christine Dunn,dpayne1p@wikispaces.com,2015-10-19,Pending,Open,Denise Payne,felis eu sapien cursus vestibulum
63,Ronald Harvey,djames1q@nyu.edu,2014-12-28,Pending,Open,Donna James,curabitur at ipsum ac tellus semper
64,Ann Fuller,tbutler1r@over-blog.com,2015-07-26,2016-01-31,Closed,Theresa Butler,potenti in eleifend quam
65,Rose Ryan,kfernandez1s@wikia.com,2015-03-10,Pending,Open,Katherine Fernandez,amet justo morbi ut
66,Eric Foster,cporter1t@hugedomains.com,2014-09-22,Pending,Open,Cynthia Porter,odio condimentum id
67,Scott Reynolds,hramos1u@java.com,2015-03-06,2016-01-11,Closed,Helen Ramos,semper interdum mauris
68,Carlos Hart,bwillis1v@alibaba.com,2015-02-10,Pending,Open,Brandon Willis,vel dapibus at diam nam
69,Bruce Hill,jlynch1w@lycos.com,2014-12-04,Pending,Open,Jane Lynch,enim lorem ipsum dolor sit amet consectetuer
70,Louis Carpenter,fduncan1x@yellowbook.com,2015-12-15,Pending,Open,Frances Duncan,vitae quam suspendisse potenti nullam porttitor
71,Emily Ferguson,pwalker1y@microsoft.com,2015-03-02,Pending,Open,Paul Walker,ultrices posuere cubilia curae nulla dapibus
72,Ruth Williamson,sortiz1z@sun.com,2014-10-22,Pending,Open,Stephen Ortiz,semper sapien a
73,Susan Young,jmorales20@un.org,2015-05-16,2016-03-17,Closed,Jennifer Morales,id ornare imperdiet sapien urna pretium nisl
74,Jonathan Lynch,kaustin21@army.mil,2015-07-06,2016-05-25,Closed,Kimberly Austin,ligula sit amet eleifend pede libero
75,Patricia Sims,ghansen22@1688.com,2015-03-10,2016-02-12,Closed,Gerald Hansen,porttitor pede justo eu massa
76,Harry Gilbert,bcarter23@sakura.ne.jp,2014-10-11,2016-07-15,Closed,Brandon Carter,vel augue vestibulum rutrum rutrum neque
77,Brenda Larson,prichards24@state.gov,2015-07-02,Pending,Open,Pamela Richards,congue risus semper porta
78,Deborah Ramos,hcruz25@slate.com,2015-05-20,Pending,Open,Henry Cruz,aliquam convallis nunc proin at
79,Billy Berry,eowens26@blogs.com,2015-01-04,2016-07-22,Closed,Elizabeth Owens,vehicula consequat morbi a ipsum
80,Carlos Lawson,pmoore27@psu.edu,2015-07-27,Pending,Open,Phillip Moore,massa id lobortis convallis
81,Martin Wallace,lgarrett28@multiply.com,2015-01-15,Pending,Open,Laura Garrett,venenatis turpis enim blandit
82,Antonio Gray,chart29@smh.com.au,2015-10-03,Pending,Open,Charles Hart,vulputate vitae nisl aenean
83,Jerry Murphy,athompson2a@wufoo.com,2015-06-16,2016-06-24,Closed,Adam Thompson,justo nec condimentum neque sapien placerat
84,Angela Alexander,kfowler2b@rakuten.co.jp,2015-06-12,Pending,Open,Kathy Fowler,a nibh in quis justo maecenas rhoncus
85,Jesse Olson,cbell2c@drupal.org,2015-03-03,2016-05-11,Closed,Christopher Bell,vel sem sed sagittis nam congue
86,Jean Hart,tbaker2d@springer.com,2014-11-07,Pending,Open,Timothy Baker,ante ipsum primis
87,William Ferguson,mbryant2e@hibu.com,2014-12-14,Pending,Open,Marie Bryant,curabitur convallis duis consequat
88,Kathy Wilson,gduncan2f@newsvine.com,2015-10-11,2016-02-05,Closed,Gerald Duncan,rhoncus aliquet pulvinar sed nisl
89,Gloria Spencer,pbarnes2g@istockphoto.com,2015-05-13,2016-07-19,Closed,Paul Barnes,non velit donec diam neque vestibulum eget
90,Joshua Warren,vharrison2h@biglobe.ne.jp,2015-05-01,2016-04-19,Closed,Virginia Harrison,ipsum praesent blandit lacinia erat
91,Janet Cooper,ggordon2i@reuters.com,2015-06-13,2016-04-06,Closed,Gary Gordon,donec diam neque
92,Nicholas Elliott,mhowell2j@vistaprint.com,2015-11-13,2016-06-03,Closed,Michael Howell,est donec odio justo
93,Rebecca Ray,wchavez2k@free.fr,2015-09-26,Pending,Open,Walter Chavez,sit amet nulla quisque arcu libero
94,Harold Romero,kadams2l@usatoday.com,2015-10-18,Pending,Open,Kenneth Adams,quis turpis sed ante vivamus tortor
95,Pamela Williamson,achavez2m@quantcast.com,2015-02-03,Pending,Open,Ashley Chavez,primis in faucibus orci
96,Sean Marshall,kford2n@parallels.com,2015-05-25,Pending,Open,Kathryn Ford,habitasse platea dictumst aliquam augue
97,Ruth Riley,jking2o@hexun.com,2014-12-16,2016-02-18,Closed,Joseph King,platea dictumst aliquam
98,Jennifer Castillo,flynch2p@topsy.com,2014-10-08,Pending,Open,Fred Lynch,donec quis orci eget orci vehicula condimentum
99,Tina Cooper,whanson2q@umn.edu,2015-08-26,Pending,Open,William Hanson,nisl venenatis lacinia
100,Eric Turner,mward2r@mtv.com,2015-05-21,Pending,Open,Michael Ward,nam tristique tortor eu pede
